Trace file,Cache Size,Replacement Type,Block Size,Associativity,Total # blocks,Tag Size (bits),Index Size (bits),Overhead Memory Size (bytes),Implementation Memory Size (bytes),Total Cache Accesses,Cache Hits,Cache Misses,Compulsory Cache Misses,Conflict Misses,Cache Miss Rate (%)
Trace/A-9_new1.5.pdf.trc,1,RR,4,1,256,22,8,736,1760,482641,291840,190801,256,190545,39.5327
Trace/A-9_new1.5.pdf.trc,1,RR,4,2,256,23,7,768,1792,482641,295579,187062,256,186806,38.758
Trace/A-9_new1.5.pdf.trc,1,RR,4,4,256,24,6,800,1824,482641,296529,186112,256,185856,38.5612
Trace/A-9_new1.5.pdf.trc,1,RR,4,8,256,25,5,832,1856,482641,297141,185500,256,185244,38.4344
Trace/A-9_new1.5.pdf.trc,1,RR,4,16,256,26,4,864,1888,482641,296995,185646,256,185390,38.4646
Trace/A-9_new1.5.pdf.trc,1,RR,8,1,128,22,7,368,1392,420288,299087,121201,128,121073,28.8376
Trace/A-9_new1.5.pdf.trc,1,RR,8,2,128,23,6,384,1408,420288,303440,116848,128,116720,27.8019
Trace/A-9_new1.5.pdf.trc,1,RR,8,4,128,24,5,400,1424,420288,305807,114481,128,114353,27.2387
Trace/A-9_new1.5.pdf.trc,1,RR,8,8,128,25,4,416,1440,420288,306565,113723,128,113595,27.0584
Trace/A-9_new1.5.pdf.trc,1,RR,8,16,128,26,3,432,1456,420288,306697,113591,128,113463,27.0269
Trace/A-9_new1.5.pdf.trc,1,RR,16,1,64,22,6,184,1208,387850,303407,84443,64,84379,21.7721
Trace/A-9_new1.5.pdf.trc,1,RR,16,2,64,23,5,192,1216,387850,309142,78708,64,78644,20.2934
Trace/A-9_new1.5.pdf.trc,1,RR,16,4,64,24,4,200,1224,387850,312230,75620,64,75556,19.4972
Trace/A-9_new1.5.pdf.trc,1,RR,16,8,64,25,3,208,1232,387850,312868,74982,64,74918,19.3327
Trace/A-9_new1.5.pdf.trc,1,RR,16,16,64,26,2,216,1240,387850,313009,74841,64,74777,19.2964
Trace/A-9_new1.5.pdf.trc,1,RR,32,1,32,22,5,92,1116,373450,306904,66546,32,66514,17.8193
Trace/A-9_new1.5.pdf.trc,1,RR,32,2,32,23,4,96,1120,373450,314810,58640,32,58608,15.7022
Trace/A-9_new1.5.pdf.trc,1,RR,32,4,32,24,3,100,1124,373450,317862,55588,32,55556,14.885
Trace/A-9_new1.5.pdf.trc,1,RR,32,8,32,25,2,104,1128,373450,319695,53755,32,53723,14.3942
Trace/A-9_new1.5.pdf.trc,1,RR,32,16,32,26,1,108,1132,373450,319903,53547,32,53515,14.3385
Trace/A-9_new1.5.pdf.trc,1,RR,64,1,16,22,4,46,1070,366344,303727,62617,16,62601,17.0924
Trace/A-9_new1.5.pdf.trc,1,RR,64,2,16,23,3,48,1072,366344,315434,50910,16,50894,13.8968
Trace/A-9_new1.5.pdf.trc,1,RR,64,4,16,24,2,50,1074,366344,319326,47018,16,47002,12.8344
Trace/A-9_new1.5.pdf.trc,1,RR,64,8,16,25,1,52,1076,366344,320858,45486,16,45470,12.4162
Trace/A-9_new1.5.pdf.trc,1,LRU,4,1,256,22,8,736,1760,482641,291840,190801,256,190545,39.5327
Trace/A-9_new1.5.pdf.trc,1,LRU,4,2,256,23,7,768,1792,482641,298001,184640,256,184384,38.2562
Trace/A-9_new1.5.pdf.trc,1,LRU,4,4,256,24,6,800,1824,482641,299677,182964,256,182708,37.9089
Trace/A-9_new1.5.pdf.trc,1,LRU,4,8,256,25,5,832,1856,482641,300973,181668,256,181412,37.6404
Trace/A-9_new1.5.pdf.trc,1,LRU,4,16,256,26,4,864,1888,482641,301208,181433,256,181177,37.5917
Trace/A-9_new1.5.pdf.trc,1,LRU,8,1,128,22,7,368,1392,420288,299087,121201,128,121073,28.8376
Trace/A-9_new1.5.pdf.trc,1,LRU,8,2,128,23,6,384,1408,420288,305324,114964,128,114836,27.3536
Trace/A-9_new1.5.pdf.trc,1,LRU,8,4,128,24,5,400,1424,420288,308401,111887,128,111759,26.6215
Trace/A-9_new1.5.pdf.trc,1,LRU,8,8,128,25,4,416,1440,420288,309568,110720,128,110592,26.3438
Trace/A-9_new1.5.pdf.trc,1,LRU,8,16,128,26,3,432,1456,420288,309750,110538,128,110410,26.3005
Trace/A-9_new1.5.pdf.trc,1,LRU,16,1,64,22,6,184,1208,387850,303407,84443,64,84379,21.7721
Trace/A-9_new1.5.pdf.trc,1,LRU,16,2,64,23,5,192,1216,387850,310866,76984,64,76920,19.8489
Trace/A-9_new1.5.pdf.trc,1,LRU,16,4,64,24,4,200,1224,387850,314365,73485,64,73421,18.9468
Trace/A-9_new1.5.pdf.trc,1,LRU,16,8,64,25,3,208,1232,387850,315564,72286,64,72222,18.6376
Trace/A-9_new1.5.pdf.trc,1,LRU,16,16,64,26,2,216,1240,387850,315851,71999,64,71935,18.5636
Trace/A-9_new1.5.pdf.trc,1,LRU,32,1,32,22,5,92,1116,373450,306904,66546,32,66514,17.8193
Trace/A-9_new1.5.pdf.trc,1,LRU,32,2,32,23,4,96,1120,373450,316581,56869,32,56837,15.228
Trace/A-9_new1.5.pdf.trc,1,LRU,32,4,32,24,3,100,1124,373450,320272,53178,32,53146,14.2397
Trace/A-9_new1.5.pdf.trc,1,LRU,32,8,32,25,2,104,1128,373450,322131,51319,32,51287,13.7419
Trace/A-9_new1.5.pdf.trc,1,LRU,32,16,32,26,1,108,1132,373450,322614,50836,32,50804,13.6125
Trace/A-9_new1.5.pdf.trc,1,LRU,64,1,16,22,4,46,1070,366344,303727,62617,16,62601,17.0924
Trace/A-9_new1.5.pdf.trc,1,LRU,64,2,16,23,3,48,1072,366344,317853,48491,16,48475,13.2365
Trace/A-9_new1.5.pdf.trc,1,LRU,64,4,16,24,2,50,1074,366344,322264,44080,16,44064,12.0324
Trace/A-9_new1.5.pdf.trc,1,LRU,64,8,16,25,1,52,1076,366344,324172,42172,16,42156,11.5116
Trace/A-9_new1.5.pdf.trc,1,RND,4,1,256,22,8,736,1760,482641,291840,190801,256,190545,39.5327
Trace/A-9_new1.5.pdf.trc,1,RND,4,2,256,23,7,768,1792,482641,296635,186006,256,185750,38.5392
Trace/A-9_new1.5.pdf.trc,1,RND,4,4,256,24,6,800,1824,482641,298013,184628,256,184372,38.2537
Trace/A-9_new1.5.pdf.trc,1,RND,4,8,256,25,5,832,1856,482641,299036,183605,256,183349,38.0417
Trace/A-9_new1.5.pdf.trc,1,RND,4,16,256,26,4,864,1888,482641,298704,183937,256,183681,38.1105
Trace/A-9_new1.5.pdf.trc,1,RND,8,1,128,22,7,368,1392,420288,299087,121201,128,121073,28.8376
Trace/A-9_new1.5.pdf.trc,1,RND,8,2,128,23,6,384,1408,420288,302472,117816,128,117688,28.0322
Trace/A-9_new1.5.pdf.trc,1,RND,8,4,128,24,5,400,1424,420288,304042,116246,128,116118,27.6587
Trace/A-9_new1.5.pdf.trc,1,RND,8,8,128,25,4,416,1440,420288,304732,115556,128,115428,27.4945
Trace/A-9_new1.5.pdf.trc,1,RND,8,16,128,26,3,432,1456,420288,304823,115465,128,115337,27.4728
Trace/A-9_new1.5.pdf.trc,1,RND,16,1,64,22,6,184,1208,387850,303407,84443,64,84379,21.7721
Trace/A-9_new1.5.pdf.trc,1,RND,16,2,64,23,5,192,1216,387850,306961,80889,64,80825,20.8557
Trace/A-9_new1.5.pdf.trc,1,RND,16,4,64,24,4,200,1224,387850,308541,79309,64,79245,20.4484
Trace/A-9_new1.5.pdf.trc,1,RND,16,8,64,25,3,208,1232,387850,309628,78222,64,78158,20.1681
Trace/A-9_new1.5.pdf.trc,1,RND,16,16,64,26,2,216,1240,387850,309343,78507,64,78443,20.2416
Trace/A-9_new1.5.pdf.trc,1,RND,32,1,32,22,5,92,1116,373450,306904,66546,32,66514,17.8193
Trace/A-9_new1.5.pdf.trc,1,RND,32,2,32,23,4,96,1120,373450,311699,61751,32,61719,16.5353
Trace/A-9_new1.5.pdf.trc,1,RND,32,4,32,24,3,100,1124,373450,313787,59663,32,59631,15.9762
Trace/A-9_new1.5.pdf.trc,1,RND,32,8,32,25,2,104,1128,373450,314785,58665,32,58633,15.7089
Trace/A-9_new1.5.pdf.trc,1,RND,32,16,32,26,1,108,1132,373450,314920,58530,32,58498,15.6728
Trace/A-9_new1.5.pdf.trc,1,RND,64,1,16,22,4,46,1070,366344,303727,62617,16,62601,17.0924
Trace/A-9_new1.5.pdf.trc,1,RND,64,2,16,23,3,48,1072,366344,311934,54410,16,54394,14.8522
Trace/A-9_new1.5.pdf.trc,1,RND,64,4,16,24,2,50,1074,366344,314402,51942,16,51926,14.1785
Trace/A-9_new1.5.pdf.trc,1,RND,64,8,16,25,1,52,1076,366344,315678,50666,16,50650,13.8302
Trace/Corruption1.trc,1,RR,4,1,256,22,8,736,1760,27150,15781,11369,256,11113,41.8748
Trace/Corruption1.trc,1,RR,4,2,256,23,7,768,1792,27150,16170,10980,256,10724,40.442
Trace/Corruption1.trc,1,RR,4,4,256,24,6,800,1824,27150,16268,10882,256,10626,40.081
Trace/Corruption1.trc,1,RR,4,8,256,25,5,832,1856,27150,16361,10789,256,10533,39.7385
Trace/Corruption1.trc,1,RR,4,16,256,26,4,864,1888,27150,16394,10756,256,10500,39.6169
Trace/Corruption1.trc,1,RR,8,1,128,22,7,368,1392,23282,16152,7130,128,7002,30.6245
Trace/Corruption1.trc,1,RR,8,2,128,23,6,384,1408,23282,16486,6796,128,6668,29.1899
Trace/Corruption1.trc,1,RR,8,4,128,24,5,400,1424,23282,16578,6704,128,6576,28.7948
Trace/Corruption1.trc,1,RR,8,8,128,25,4,416,1440,23282,16629,6653,128,6525,28.5757
Trace/Corruption1.trc,1,RR,8,16,128,26,3,432,1456,23282,16614,6668,128,6540,28.6402
Trace/Corruption1.trc,1,RR,16,1,64,22,6,184,1208,21395,16404,4991,64,4927,23.3279
Trace/Corruption1.trc,1,RR,16,2,64,23,5,192,1216,21395,16773,4622,64,4558,21.6032
Trace/Corruption1.trc,1,RR,16,4,64,24,4,200,1224,21395,16859,4536,64,4472,21.2012
Trace/Corruption1.trc,1,RR,16,8,64,25,3,208,1232,21395,16891,4504,64,4440,21.0516
Trace/Corruption1.trc,1,RR,16,16,64,26,2,216,1240,21395,16867,4528,64,4464,21.1638
Trace/Corruption1.trc,1,RR,32,1,32,22,5,92,1116,20515,16670,3845,32,3813,18.7424
Trace/Corruption1.trc,1,RR,32,2,32,23,4,96,1120,20515,17121,3394,32,3362,16.544
Trace/Corruption1.trc,1,RR,32,4,32,24,3,100,1124,20515,17285,3230,32,3198,15.7446
Trace/Corruption1.trc,1,RR,32,8,32,25,2,104,1128,20515,17295,3220,32,3188,15.6958
Trace/Corruption1.trc,1,RR,32,16,32,26,1,108,1132,20515,17318,3197,32,3165,15.5837
Trace/Corruption1.trc,1,RR,64,1,16,22,4,46,1070,20104,16786,3318,16,3302,16.5042
Trace/Corruption1.trc,1,RR,64,2,16,23,3,48,1072,20104,17360,2744,16,2728,13.649
Trace/Corruption1.trc,1,RR,64,4,16,24,2,50,1074,20104,17565,2539,16,2523,12.6293
Trace/Corruption1.trc,1,RR,64,8,16,25,1,52,1076,20104,17588,2516,16,2500,12.5149
Trace/Corruption1.trc,1,LRU,4,1,256,22,8,736,1760,27150,15781,11369,256,11113,41.8748
Trace/Corruption1.trc,1,LRU,4,2,256,23,7,768,1792,27150,16378,10772,256,10516,39.6759
Trace/Corruption1.trc,1,LRU,4,4,256,24,6,800,1824,27150,16651,10499,256,10243,38.6703
Trace/Corruption1.trc,1,LRU,4,8,256,25,5,832,1856,27150,16894,10256,256,10000,37.7753
Trace/Corruption1.trc,1,LRU,4,16,256,26,4,864,1888,27150,17056,10094,256,9838,37.1786
Trace/Corruption1.trc,1,LRU,8,1,128,22,7,368,1392,23282,16152,7130,128,7002,30.6245
Trace/Corruption1.trc,1,LRU,8,2,128,23,6,384,1408,23282,16641,6641,128,6513,28.5242
Trace/Corruption1.trc,1,LRU,8,4,128,24,5,400,1424,23282,16823,6459,128,6331,27.7425
Trace/Corruption1.trc,1,LRU,8,8,128,25,4,416,1440,23282,16933,6349,128,6221,27.27
Trace/Corruption1.trc,1,LRU,8,16,128,26,3,432,1456,23282,16944,6338,128,6210,27.2227
Trace/Corruption1.trc,1,LRU,16,1,64,22,6,184,1208,21395,16404,4991,64,4927,23.3279
Trace/Corruption1.trc,1,LRU,16,2,64,23,5,192,1216,21395,16914,4481,64,4417,20.9441
Trace/Corruption1.trc,1,LRU,16,4,64,24,4,200,1224,21395,17020,4375,64,4311,20.4487
Trace/Corruption1.trc,1,LRU,16,8,64,25,3,208,1232,21395,17105,4290,64,4226,20.0514
Trace/Corruption1.trc,1,LRU,16,16,64,26,2,216,1240,21395,17110,4285,64,4221,20.028
Trace/Corruption1.trc,1,LRU,32,1,32,22,5,92,1116,20515,16670,3845,32,3813,18.7424
Trace/Corruption1.trc,1,LRU,32,2,32,23,4,96,1120,20515,17264,3251,32,3219,15.8469
Trace/Corruption1.trc,1,LRU,32,4,32,24,3,100,1124,20515,17389,3126,32,3094,15.2376
Trace/Corruption1.trc,1,LRU,32,8,32,25,2,104,1128,20515,17427,3088,32,3056,15.0524
Trace/Corruption1.trc,1,LRU,32,16,32,26,1,108,1132,20515,17463,3052,32,3020,14.8769
Trace/Corruption1.trc,1,LRU,64,1,16,22,4,46,1070,20104,16786,3318,16,3302,16.5042
Trace/Corruption1.trc,1,LRU,64,2,16,23,3,48,1072,20104,17523,2581,16,2565,12.8382
Trace/Corruption1.trc,1,LRU,64,4,16,24,2,50,1074,20104,17695,2409,16,2393,11.9827
Trace/Corruption1.trc,1,LRU,64,8,16,25,1,52,1076,20104,17741,2363,16,2347,11.7539
Trace/Corruption1.trc,1,RND,4,1,256,22,8,736,1760,27150,15781,11369,256,11113,41.8748
Trace/Corruption1.trc,1,RND,4,2,256,23,7,768,1792,27150,16266,10884,256,10628,40.0884
Trace/Corruption1.trc,1,RND,4,4,256,24,6,800,1824,27150,16411,10739,256,10483,39.5543
Trace/Corruption1.trc,1,RND,4,8,256,25,5,832,1856,27150,16454,10696,256,10440,39.3959
Trace/Corruption1.trc,1,RND,4,16,256,26,4,864,1888,27150,16442,10708,256,10452,39.4401
Trace/Corruption1.trc,1,RND,8,1,128,22,7,368,1392,23282,16152,7130,128,7002,30.6245
Trace/Corruption1.trc,1,RND,8,2,128,23,6,384,1408,23282,16454,6828,128,6700,29.3274
Trace/Corruption1.trc,1,RND,8,4,128,24,5,400,1424,23282,16537,6745,128,6617,28.9709
Trace/Corruption1.trc,1,RND,8,8,128,25,4,416,1440,23282,16534,6748,128,6620,28.9838
Trace/Corruption1.trc,1,RND,8,16,128,26,3,432,1456,23282,16563,6719,128,6591,28.8592
Trace/Corruption1.trc,1,RND,16,1,64,22,6,184,1208,21395,16404,4991,64,4927,23.3279
Trace/Corruption1.trc,1,RND,16,2,64,23,5,192,1216,21395,16626,4769,64,4705,22.2903
Trace/Corruption1.trc,1,RND,16,4,64,24,4,200,1224,21395,16743,4652,64,4588,21.7434
Trace/Corruption1.trc,1,RND,16,8,64,25,3,208,1232,21395,16737,4658,64,4594,21.7714
Trace/Corruption1.trc,1,RND,16,16,64,26,2,216,1240,21395,16696,4699,64,4635,21.9631
Trace/Corruption1.trc,1,RND,32,1,32,22,5,92,1116,20515,16670,3845,32,3813,18.7424
Trace/Corruption1.trc,1,RND,32,2,32,23,4,96,1120,20515,16967,3548,32,3516,17.2947
Trace/Corruption1.trc,1,RND,32,4,32,24,3,100,1124,20515,17063,3452,32,3420,16.8267
Trace/Corruption1.trc,1,RND,32,8,32,25,2,104,1128,20515,17079,3436,32,3404,16.7487
Trace/Corruption1.trc,1,RND,32,16,32,26,1,108,1132,20515,17072,3443,32,3411,16.7828
Trace/Corruption1.trc,1,RND,64,1,16,22,4,46,1070,20104,16786,3318,16,3302,16.5042
Trace/Corruption1.trc,1,RND,64,2,16,23,3,48,1072,20104,17161,2943,16,2927,14.6389
Trace/Corruption1.trc,1,RND,64,4,16,24,2,50,1074,20104,17266,2838,16,2822,14.1166
Trace/Corruption1.trc,1,RND,64,8,16,25,1,52,1076,20104,17288,2816,16,2800,14.0072
Trace/TestTrace.trc,1,RR,4,1,256,22,8,736,1760,81,48,33,30,3,40.7407
Trace/TestTrace.trc,1,RR,4,2,256,23,7,768,1792,81,48,33,33,0,40.7407
Trace/TestTrace.trc,1,RR,4,4,256,24,6,800,1824,81,48,33,33,0,40.7407
Trace/TestTrace.trc,1,RR,4,8,256,25,5,832,1856,81,48,33,33,0,40.7407
Trace/TestTrace.trc,1,RR,4,16,256,26,4,864,1888,81,48,33,33,0,40.7407
Trace/TestTrace.trc,1,RR,8,1,128,22,7,368,1392,67,47,20,18,2,29.8507
Trace/TestTrace.trc,1,RR,8,2,128,23,6,384,1408,67,47,20,20,0,29.8507
Trace/TestTrace.trc,1,RR,8,4,128,24,5,400,1424,67,47,20,20,0,29.8507
Trace/TestTrace.trc,1,RR,8,8,128,25,4,416,1440,67,47,20,20,0,29.8507
Trace/TestTrace.trc,1,RR,8,16,128,26,3,432,1456,67,47,20,20,0,29.8507
Trace/TestTrace.trc,1,RR,16,1,64,22,6,184,1208,61,47,14,12,2,22.9508
Trace/TestTrace.trc,1,RR,16,2,64,23,5,192,1216,61,47,14,14,0,22.9508
Trace/TestTrace.trc,1,RR,16,4,64,24,4,200,1224,61,47,14,14,0,22.9508
Trace/TestTrace.trc,1,RR,16,8,64,25,3,208,1232,61,47,14,14,0,22.9508
Trace/TestTrace.trc,1,RR,16,16,64,26,2,216,1240,61,47,14,14,0,22.9508
Trace/TestTrace.trc,1,RR,32,1,32,22,5,92,1116,58,46,12,9,3,20.6897
Trace/TestTrace.trc,1,RR,32,2,32,23,4,96,1120,58,45,13,11,2,22.4138
Trace/TestTrace.trc,1,RR,32,4,32,24,3,100,1124,58,46,12,12,0,20.6897
Trace/TestTrace.trc,1,RR,32,8,32,25,2,104,1128,58,46,12,12,0,20.6897
Trace/TestTrace.trc,1,RR,32,16,32,26,1,108,1132,58,46,12,12,0,20.6897
Trace/TestTrace.trc,1,RR,64,1,16,22,4,46,1070,55,45,10,7,3,18.1818
Trace/TestTrace.trc,1,RR,64,2,16,23,3,48,1072,55,44,11,9,2,20.0
Trace/TestTrace.trc,1,RR,64,4,16,24,2,50,1074,55,45,10,10,0,18.1818
Trace/TestTrace.trc,1,RR,64,8,16,25,1,52,1076,55,45,10,10,0,18.1818
Trace/TestTrace.trc,1,LRU,4,1,256,22,8,736,1760,81,48,33,30,3,40.7407
Trace/TestTrace.trc,1,LRU,4,2,256,23,7,768,1792,81,48,33,33,0,40.7407
Trace/TestTrace.trc,1,LRU,4,4,256,24,6,800,1824,81,48,33,33,0,40.7407
Trace/TestTrace.trc,1,LRU,4,8,256,25,5,832,1856,81,48,33,33,0,40.7407
Trace/TestTrace.trc,1,LRU,4,16,256,26,4,864,1888,81,48,33,33,0,40.7407
Trace/TestTrace.trc,1,LRU,8,1,128,22,7,368,1392,67,47,20,18,2,29.8507
Trace/TestTrace.trc,1,LRU,8,2,128,23,6,384,1408,67,47,20,20,0,29.8507
Trace/TestTrace.trc,1,LRU,8,4,128,24,5,400,1424,67,47,20,20,0,29.8507
Trace/TestTrace.trc,1,LRU,8,8,128,25,4,416,1440,67,47,20,20,0,29.8507
Trace/TestTrace.trc,1,LRU,8,16,128,26,3,432,1456,67,47,20,20,0,29.8507
Trace/TestTrace.trc,1,LRU,16,1,64,22,6,184,1208,61,47,14,12,2,22.9508
Trace/TestTrace.trc,1,LRU,16,2,64,23,5,192,1216,61,47,14,14,0,22.9508
Trace/TestTrace.trc,1,LRU,16,4,64,24,4,200,1224,61,47,14,14,0,22.9508
Trace/TestTrace.trc,1,LRU,16,8,64,25,3,208,1232,61,47,14,14,0,22.9508
Trace/TestTrace.trc,1,LRU,16,16,64,26,2,216,1240,61,47,14,14,0,22.9508
Trace/TestTrace.trc,1,LRU,32,1,32,22,5,92,1116,58,46,12,9,3,20.6897
Trace/TestTrace.trc,1,LRU,32,2,32,23,4,96,1120,58,45,13,11,2,22.4138
Trace/TestTrace.trc,1,LRU,32,4,32,24,3,100,1124,58,46,12,12,0,20.6897
Trace/TestTrace.trc,1,LRU,32,8,32,25,2,104,1128,58,46,12,12,0,20.6897
Trace/TestTrace.trc,1,LRU,32,16,32,26,1,108,1132,58,46,12,12,0,20.6897
Trace/TestTrace.trc,1,LRU,64,1,16,22,4,46,1070,55,45,10,7,3,18.1818
Trace/TestTrace.trc,1,LRU,64,2,16,23,3,48,1072,55,44,11,9,2,20.0
Trace/TestTrace.trc,1,LRU,64,4,16,24,2,50,1074,55,45,10,10,0,18.1818
Trace/TestTrace.trc,1,LRU,64,8,16,25,1,52,1076,55,45,10,10,0,18.1818
Trace/TestTrace.trc,1,RND,4,1,256,22,8,736,1760,81,48,33,30,3,40.7407
Trace/TestTrace.trc,1,RND,4,2,256,23,7,768,1792,81,48,33,33,0,40.7407
Trace/TestTrace.trc,1,RND,4,4,256,24,6,800,1824,81,48,33,33,0,40.7407
Trace/TestTrace.trc,1,RND,4,8,256,25,5,832,1856,81,48,33,33,0,40.7407
Trace/TestTrace.trc,1,RND,4,16,256,26,4,864,1888,81,48,33,33,0,40.7407
Trace/TestTrace.trc,1,RND,8,1,128,22,7,368,1392,67,47,20,18,2,29.8507
Trace/TestTrace.trc,1,RND,8,2,128,23,6,384,1408,67,47,20,20,0,29.8507
Trace/TestTrace.trc,1,RND,8,4,128,24,5,400,1424,67,47,20,20,0,29.8507
Trace/TestTrace.trc,1,RND,8,8,128,25,4,416,1440,67,47,20,20,0,29.8507
Trace/TestTrace.trc,1,RND,8,16,128,26,3,432,1456,67,47,20,20,0,29.8507
Trace/TestTrace.trc,1,RND,16,1,64,22,6,184,1208,61,47,14,12,2,22.9508
Trace/TestTrace.trc,1,RND,16,2,64,23,5,192,1216,61,47,14,14,0,22.9508
Trace/TestTrace.trc,1,RND,16,4,64,24,4,200,1224,61,47,14,14,0,22.9508
Trace/TestTrace.trc,1,RND,16,8,64,25,3,208,1232,61,47,14,14,0,22.9508
Trace/TestTrace.trc,1,RND,16,16,64,26,2,216,1240,61,47,14,14,0,22.9508
Trace/TestTrace.trc,1,RND,32,1,32,22,5,92,1116,58,46,12,9,3,20.6897
Trace/TestTrace.trc,1,RND,32,2,32,23,4,96,1120,58,46,12,11,1,20.6897
Trace/TestTrace.trc,1,RND,32,4,32,24,3,100,1124,58,46,12,12,0,20.6897
Trace/TestTrace.trc,1,RND,32,8,32,25,2,104,1128,58,46,12,12,0,20.6897
Trace/TestTrace.trc,1,RND,32,16,32,26,1,108,1132,58,46,12,12,0,20.6897
Trace/TestTrace.trc,1,RND,64,1,16,22,4,46,1070,55,45,10,7,3,18.1818
Trace/TestTrace.trc,1,RND,64,2,16,23,3,48,1072,55,43,12,9,3,21.8182
Trace/TestTrace.trc,1,RND,64,4,16,24,2,50,1074,55,45,10,10,0,18.1818
Trace/TestTrace.trc,1,RND,64,8,16,25,1,52,1076,55,45,10,10,0,18.1818
Trace/TinyTrace.trc,1,RR,4,1,256,22,8,736,1760,10,4,6,6,0,60.0
Trace/TinyTrace.trc,1,RR,4,2,256,23,7,768,1792,10,4,6,6,0,60.0
Trace/TinyTrace.trc,1,RR,4,4,256,24,6,800,1824,10,4,6,6,0,60.0
Trace/TinyTrace.trc,1,RR,4,8,256,25,5,832,1856,10,4,6,6,0,60.0
Trace/TinyTrace.trc,1,RR,4,16,256,26,4,864,1888,10,4,6,6,0,60.0
Trace/TinyTrace.trc,1,RR,8,1,128,22,7,368,1392,9,6,3,3,0,33.3333
Trace/TinyTrace.trc,1,RR,8,2,128,23,6,384,1408,9,6,3,3,0,33.3333
Trace/TinyTrace.trc,1,RR,8,4,128,24,5,400,1424,9,6,3,3,0,33.3333
Trace/TinyTrace.trc,1,RR,8,8,128,25,4,416,1440,9,6,3,3,0,33.3333
Trace/TinyTrace.trc,1,RR,8,16,128,26,3,432,1456,9,6,3,3,0,33.3333
Trace/TinyTrace.trc,1,RR,16,1,64,22,6,184,1208,9,6,3,3,0,33.3333
Trace/TinyTrace.trc,1,RR,16,2,64,23,5,192,1216,9,6,3,3,0,33.3333
Trace/TinyTrace.trc,1,RR,16,4,64,24,4,200,1224,9,6,3,3,0,33.3333
Trace/TinyTrace.trc,1,RR,16,8,64,25,3,208,1232,9,6,3,3,0,33.3333
Trace/TinyTrace.trc,1,RR,16,16,64,26,2,216,1240,9,6,3,3,0,33.3333
Trace/TinyTrace.trc,1,RR,32,1,32,22,5,92,1116,9,6,3,3,0,33.3333
Trace/TinyTrace.trc,1,RR,32,2,32,23,4,96,1120,9,6,3,3,0,33.3333
Trace/TinyTrace.trc,1,RR,32,4,32,24,3,100,1124,9,6,3,3,0,33.3333
Trace/TinyTrace.trc,1,RR,32,8,32,25,2,104,1128,9,6,3,3,0,33.3333
Trace/TinyTrace.trc,1,RR,32,16,32,26,1,108,1132,9,6,3,3,0,33.3333
Trace/TinyTrace.trc,1,RR,64,1,16,22,4,46,1070,9,6,3,3,0,33.3333
Trace/TinyTrace.trc,1,RR,64,2,16,23,3,48,1072,9,6,3,3,0,33.3333
Trace/TinyTrace.trc,1,RR,64,4,16,24,2,50,1074,9,6,3,3,0,33.3333
Trace/TinyTrace.trc,1,RR,64,8,16,25,1,52,1076,9,6,3,3,0,33.3333
Trace/TinyTrace.trc,1,LRU,4,1,256,22,8,736,1760,10,4,6,6,0,60.0
Trace/TinyTrace.trc,1,LRU,4,2,256,23,7,768,1792,10,4,6,6,0,60.0
Trace/TinyTrace.trc,1,LRU,4,4,256,24,6,800,1824,10,4,6,6,0,60.0
Trace/TinyTrace.trc,1,LRU,4,8,256,25,5,832,1856,10,4,6,6,0,60.0
Trace/TinyTrace.trc,1,LRU,4,16,256,26,4,864,1888,10,4,6,6,0,60.0
Trace/TinyTrace.trc,1,LRU,8,1,128,22,7,368,1392,9,6,3,3,0,33.3333
Trace/TinyTrace.trc,1,LRU,8,2,128,23,6,384,1408,9,6,3,3,0,33.3333
Trace/TinyTrace.trc,1,LRU,8,4,128,24,5,400,1424,9,6,3,3,0,33.3333
Trace/TinyTrace.trc,1,LRU,8,8,128,25,4,416,1440,9,6,3,3,0,33.3333
Trace/TinyTrace.trc,1,LRU,8,16,128,26,3,432,1456,9,6,3,3,0,33.3333
Trace/TinyTrace.trc,1,LRU,16,1,64,22,6,184,1208,9,6,3,3,0,33.3333
Trace/TinyTrace.trc,1,LRU,16,2,64,23,5,192,1216,9,6,3,3,0,33.3333
Trace/TinyTrace.trc,1,LRU,16,4,64,24,4,200,1224,9,6,3,3,0,33.3333
Trace/TinyTrace.trc,1,LRU,16,8,64,25,3,208,1232,9,6,3,3,0,33.3333
Trace/TinyTrace.trc,1,LRU,16,16,64,26,2,216,1240,9,6,3,3,0,33.3333
Trace/TinyTrace.trc,1,LRU,32,1,32,22,5,92,1116,9,6,3,3,0,33.3333
Trace/TinyTrace.trc,1,LRU,32,2,32,23,4,96,1120,9,6,3,3,0,33.3333
Trace/TinyTrace.trc,1,LRU,32,4,32,24,3,100,1124,9,6,3,3,0,33.3333
Trace/TinyTrace.trc,1,LRU,32,8,32,25,2,104,1128,9,6,3,3,0,33.3333
Trace/TinyTrace.trc,1,LRU,32,16,32,26,1,108,1132,9,6,3,3,0,33.3333
Trace/TinyTrace.trc,1,LRU,64,1,16,22,4,46,1070,9,6,3,3,0,33.3333
Trace/TinyTrace.trc,1,LRU,64,2,16,23,3,48,1072,9,6,3,3,0,33.3333
Trace/TinyTrace.trc,1,LRU,64,4,16,24,2,50,1074,9,6,3,3,0,33.3333
Trace/TinyTrace.trc,1,LRU,64,8,16,25,1,52,1076,9,6,3,3,0,33.3333
Trace/TinyTrace.trc,1,RND,4,1,256,22,8,736,1760,10,4,6,6,0,60.0
Trace/TinyTrace.trc,1,RND,4,2,256,23,7,768,1792,10,4,6,6,0,60.0
Trace/TinyTrace.trc,1,RND,4,4,256,24,6,800,1824,10,4,6,6,0,60.0
Trace/TinyTrace.trc,1,RND,4,8,256,25,5,832,1856,10,4,6,6,0,60.0
Trace/TinyTrace.trc,1,RND,4,16,256,26,4,864,1888,10,4,6,6,0,60.0
Trace/TinyTrace.trc,1,RND,8,1,128,22,7,368,1392,9,6,3,3,0,33.3333
Trace/TinyTrace.trc,1,RND,8,2,128,23,6,384,1408,9,6,3,3,0,33.3333
Trace/TinyTrace.trc,1,RND,8,4,128,24,5,400,1424,9,6,3,3,0,33.3333
Trace/TinyTrace.trc,1,RND,8,8,128,25,4,416,1440,9,6,3,3,0,33.3333
Trace/TinyTrace.trc,1,RND,8,16,128,26,3,432,1456,9,6,3,3,0,33.3333
Trace/TinyTrace.trc,1,RND,16,1,64,22,6,184,1208,9,6,3,3,0,33.3333
Trace/TinyTrace.trc,1,RND,16,2,64,23,5,192,1216,9,6,3,3,0,33.3333
Trace/TinyTrace.trc,1,RND,16,4,64,24,4,200,1224,9,6,3,3,0,33.3333
Trace/TinyTrace.trc,1,RND,16,8,64,25,3,208,1232,9,6,3,3,0,33.3333
Trace/TinyTrace.trc,1,RND,16,16,64,26,2,216,1240,9,6,3,3,0,33.3333
Trace/TinyTrace.trc,1,RND,32,1,32,22,5,92,1116,9,6,3,3,0,33.3333
Trace/TinyTrace.trc,1,RND,32,2,32,23,4,96,1120,9,6,3,3,0,33.3333
Trace/TinyTrace.trc,1,RND,32,4,32,24,3,100,1124,9,6,3,3,0,33.3333
Trace/TinyTrace.trc,1,RND,32,8,32,25,2,104,1128,9,6,3,3,0,33.3333
Trace/TinyTrace.trc,1,RND,32,16,32,26,1,108,1132,9,6,3,3,0,33.3333
Trace/TinyTrace.trc,1,RND,64,1,16,22,4,46,1070,9,6,3,3,0,33.3333
Trace/TinyTrace.trc,1,RND,64,2,16,23,3,48,1072,9,6,3,3,0,33.3333
Trace/TinyTrace.trc,1,RND,64,4,16,24,2,50,1074,9,6,3,3,0,33.3333
Trace/TinyTrace.trc,1,RND,64,8,16,25,1,52,1076,9,6,3,3,0,33.3333
Trace/Trace1.trc,1,RR,4,1,256,22,8,736,1760,52714,32475,20239,256,19983,38.394
Trace/Trace1.trc,1,RR,4,2,256,23,7,768,1792,52714,32220,20494,256,20238,38.8777
Trace/Trace1.trc,1,RR,4,4,256,24,6,800,1824,52714,31552,21162,256,20906,40.1449
Trace/Trace1.trc,1,RR,4,8,256,25,5,832,1856,52714,31501,21213,256,20957,40.2417
Trace/Trace1.trc,1,RR,4,16,256,26,4,864,1888,52714,31490,21224,256,20968,40.2625
Trace/Trace1.trc,1,RR,8,1,128,22,7,368,1392,44077,30677,13400,128,13272,30.4013
Trace/Trace1.trc,1,RR,8,2,128,23,6,384,1408,44077,30684,13393,128,13265,30.3855
Trace/Trace1.trc,1,RR,8,4,128,24,5,400,1424,44077,30622,13455,128,13327,30.5261
Trace/Trace1.trc,1,RR,8,8,128,25,4,416,1440,44077,30613,13464,128,13336,30.5465
Trace/Trace1.trc,1,RR,8,16,128,26,3,432,1456,44077,30610,13467,128,13339,30.5533
Trace/Trace1.trc,1,RR,16,1,64,22,6,184,1208,40063,30011,10052,64,9988,25.0905
Trace/Trace1.trc,1,RR,16,2,64,23,5,192,1216,40063,30393,9670,64,9606,24.137
Trace/Trace1.trc,1,RR,16,4,64,24,4,200,1224,40063,30531,9532,64,9468,23.7925
Trace/Trace1.trc,1,RR,16,8,64,25,3,208,1232,40063,30603,9460,64,9396,23.6128
Trace/Trace1.trc,1,RR,16,16,64,26,2,216,1240,40063,30606,9457,64,9393,23.6053
Trace/Trace1.trc,1,RR,32,1,32,22,5,92,1116,38524,30478,8046,32,8014,20.8857
Trace/Trace1.trc,1,RR,32,2,32,23,4,96,1120,38524,31345,7179,32,7147,18.6351
Trace/Trace1.trc,1,RR,32,4,32,24,3,100,1124,38524,31507,7017,32,6985,18.2146
Trace/Trace1.trc,1,RR,32,8,32,25,2,104,1128,38524,31565,6959,32,6927,18.0641
Trace/Trace1.trc,1,RR,32,16,32,26,1,108,1132,38524,31607,6917,32,6885,17.955
Trace/Trace1.trc,1,RR,64,1,16,22,4,46,1070,37921,30301,7620,16,7604,20.0944
Trace/Trace1.trc,1,RR,64,2,16,23,3,48,1072,37921,31842,6079,16,6063,16.0307
Trace/Trace1.trc,1,RR,64,4,16,24,2,50,1074,37921,31906,6015,16,5999,15.8619
Trace/Trace1.trc,1,RR,64,8,16,25,1,52,1076,37921,32201,5720,16,5704,15.084
Trace/Trace1.trc,1,LRU,4,1,256,22,8,736,1760,52714,32475,20239,256,19983,38.394
Trace/Trace1.trc,1,LRU,4,2,256,23,7,768,1792,52714,32321,20393,256,20137,38.6861
Trace/Trace1.trc,1,LRU,4,4,256,24,6,800,1824,52714,31731,20983,256,20727,39.8054
Trace/Trace1.trc,1,LRU,4,8,256,25,5,832,1856,52714,31679,21035,256,20779,39.904
Trace/Trace1.trc,1,LRU,4,16,256,26,4,864,1888,52714,31633,21081,256,20825,39.9913
Trace/Trace1.trc,1,LRU,8,1,128,22,7,368,1392,44077,30677,13400,128,13272,30.4013
Trace/Trace1.trc,1,LRU,8,2,128,23,6,384,1408,44077,30796,13281,128,13153,30.1314
Trace/Trace1.trc,1,LRU,8,4,128,24,5,400,1424,44077,30758,13319,128,13191,30.2176
Trace/Trace1.trc,1,LRU,8,8,128,25,4,416,1440,44077,30756,13321,128,13193,30.2221
Trace/Trace1.trc,1,LRU,8,16,128,26,3,432,1456,44077,30798,13279,128,13151,30.1268
Trace/Trace1.trc,1,LRU,16,1,64,22,6,184,1208,40063,30011,10052,64,9988,25.0905
Trace/Trace1.trc,1,LRU,16,2,64,23,5,192,1216,40063,30592,9471,64,9407,23.6403
Trace/Trace1.trc,1,LRU,16,4,64,24,4,200,1224,40063,30661,9402,64,9338,23.468
Trace/Trace1.trc,1,LRU,16,8,64,25,3,208,1232,40063,30739,9324,64,9260,23.2733
Trace/Trace1.trc,1,LRU,16,16,64,26,2,216,1240,40063,30746,9317,64,9253,23.2559
Trace/Trace1.trc,1,LRU,32,1,32,22,5,92,1116,38524,30478,8046,32,8014,20.8857
Trace/Trace1.trc,1,LRU,32,2,32,23,4,96,1120,38524,31535,6989,32,6957,18.1419
Trace/Trace1.trc,1,LRU,32,4,32,24,3,100,1124,38524,31725,6799,32,6767,17.6487
Trace/Trace1.trc,1,LRU,32,8,32,25,2,104,1128,38524,31738,6786,32,6754,17.615
Trace/Trace1.trc,1,LRU,32,16,32,26,1,108,1132,38524,31728,6796,32,6764,17.641
Trace/Trace1.trc,1,LRU,64,1,16,22,4,46,1070,37921,30301,7620,16,7604,20.0944
Trace/Trace1.trc,1,LRU,64,2,16,23,3,48,1072,37921,32208,5713,16,5697,15.0655
Trace/Trace1.trc,1,LRU,64,4,16,24,2,50,1074,37921,32399,5522,16,5506,14.5619
Trace/Trace1.trc,1,LRU,64,8,16,25,1,52,1076,37921,32606,5315,16,5299,14.016
Trace/Trace1.trc,1,RND,4,1,256,22,8,736,1760,52714,32475,20239,256,19983,38.394
Trace/Trace1.trc,1,RND,4,2,256,23,7,768,1792,52714,33310,19404,256,19148,36.81
Trace/Trace1.trc,1,RND,4,4,256,24,6,800,1824,52714,33603,19111,256,18855,36.2541
Trace/Trace1.trc,1,RND,4,8,256,25,5,832,1856,52714,33688,19026,256,18770,36.0929
Trace/Trace1.trc,1,RND,4,16,256,26,4,864,1888,52714,33695,19019,256,18763,36.0796
Trace/Trace1.trc,1,RND,8,1,128,22,7,368,1392,44077,30677,13400,128,13272,30.4013
Trace/Trace1.trc,1,RND,8,2,128,23,6,384,1408,44077,30874,13203,128,13075,29.9544
Trace/Trace1.trc,1,RND,8,4,128,24,5,400,1424,44077,31004,13073,128,12945,29.6595
Trace/Trace1.trc,1,RND,8,8,128,25,4,416,1440,44077,31116,12961,128,12833,29.4054
Trace/Trace1.trc,1,RND,8,16,128,26,3,432,1456,44077,31108,12969,128,12841,29.4235
Trace/Trace1.trc,1,RND,16,1,64,22,6,184,1208,40063,30011,10052,64,9988,25.0905
Trace/Trace1.trc,1,RND,16,2,64,23,5,192,1216,40063,30224,9839,64,9775,24.5588
Trace/Trace1.trc,1,RND,16,4,64,24,4,200,1224,40063,30265,9798,64,9734,24.4565
Trace/Trace1.trc,1,RND,16,8,64,25,3,208,1232,40063,30338,9725,64,9661,24.2743
Trace/Trace1.trc,1,RND,16,16,64,26,2,216,1240,40063,30396,9667,64,9603,24.1295
Trace/Trace1.trc,1,RND,32,1,32,22,5,92,1116,38524,30478,8046,32,8014,20.8857
Trace/Trace1.trc,1,RND,32,2,32,23,4,96,1120,38524,30968,7556,32,7524,19.6137
Trace/Trace1.trc,1,RND,32,4,32,24,3,100,1124,38524,31074,7450,32,7418,19.3386
Trace/Trace1.trc,1,RND,32,8,32,25,2,104,1128,38524,31161,7363,32,7331,19.1128
Trace/Trace1.trc,1,RND,32,16,32,26,1,108,1132,38524,31160,7364,32,7332,19.1154
Trace/Trace1.trc,1,RND,64,1,16,22,4,46,1070,37921,30301,7620,16,7604,20.0944
Trace/Trace1.trc,1,RND,64,2,16,23,3,48,1072,37921,31418,6503,16,6487,17.1488
Trace/Trace1.trc,1,RND,64,4,16,24,2,50,1074,37921,31374,6547,16,6531,17.2648
Trace/Trace1.trc,1,RND,64,8,16,25,1,52,1076,37921,31617,6304,16,6288,16.624
Trace/Trace1A.trc,1,RR,4,1,256,22,8,736,1760,52682,32457,20225,256,19969,38.3907
Trace/Trace1A.trc,1,RR,4,2,256,23,7,768,1792,52682,32202,20480,256,20224,38.8748
Trace/Trace1A.trc,1,RR,4,4,256,24,6,800,1824,52682,31534,21148,256,20892,40.1427
Trace/Trace1A.trc,1,RR,4,8,256,25,5,832,1856,52682,31483,21199,256,20943,40.2396
Trace/Trace1A.trc,1,RR,4,16,256,26,4,864,1888,52682,31472,21210,256,20954,40.2604
Trace/Trace1A.trc,1,RR,8,1,128,22,7,368,1392,44048,30655,13393,128,13265,30.4055
Trace/Trace1A.trc,1,RR,8,2,128,23,6,384,1408,44048,30662,13386,128,13258,30.3896
Trace/Trace1A.trc,1,RR,8,4,128,24,5,400,1424,44048,30600,13448,128,13320,30.5303
Trace/Trace1A.trc,1,RR,8,8,128,25,4,416,1440,44048,30591,13457,128,13329,30.5508
Trace/Trace1A.trc,1,RR,8,16,128,26,3,432,1456,44048,30588,13460,128,13332,30.5576
Trace/Trace1A.trc,1,RR,16,1,64,22,6,184,1208,40035,29988,10047,64,9983,25.0955
Trace/Trace1A.trc,1,RR,16,2,64,23,5,192,1216,40035,30370,9665,64,9601,24.1414
Trace/Trace1A.trc,1,RR,16,4,64,24,4,200,1224,40035,30508,9527,64,9463,23.7967
Trace/Trace1A.trc,1,RR,16,8,64,25,3,208,1232,40035,30580,9455,64,9391,23.6168
Trace/Trace1A.trc,1,RR,16,16,64,26,2,216,1240,40035,30583,9452,64,9388,23.6093
Trace/Trace1A.trc,1,RR,32,1,32,22,5,92,1116,38496,30455,8041,32,8009,20.8879
Trace/Trace1A.trc,1,RR,32,2,32,23,4,96,1120,38496,31322,7174,32,7142,18.6357
Trace/Trace1A.trc,1,RR,32,4,32,24,3,100,1124,38496,31484,7012,32,6980,18.2149
Trace/Trace1A.trc,1,RR,32,8,32,25,2,104,1128,38496,31542,6954,32,6922,18.0642
Trace/Trace1A.trc,1,RR,32,16,32,26,1,108,1132,38496,31584,6912,32,6880,17.9551
Trace/Trace1A.trc,1,RR,64,1,16,22,4,46,1070,37893,30277,7616,16,7600,20.0987
Trace/Trace1A.trc,1,RR,64,2,16,23,3,48,1072,37893,31818,6075,16,6059,16.032
Trace/Trace1A.trc,1,RR,64,4,16,24,2,50,1074,37893,31882,6011,16,5995,15.8631
Trace/Trace1A.trc,1,RR,64,8,16,25,1,52,1076,37893,32177,5716,16,5700,15.0846
Trace/Trace1A.trc,1,LRU,4,1,256,22,8,736,1760,52682,32457,20225,256,19969,38.3907
Trace/Trace1A.trc,1,LRU,4,2,256,23,7,768,1792,52682,32303,20379,256,20123,38.683
Trace/Trace1A.trc,1,LRU,4,4,256,24,6,800,1824,52682,31713,20969,256,20713,39.803
Trace/Trace1A.trc,1,LRU,4,8,256,25,5,832,1856,52682,31661,21021,256,20765,39.9017
Trace/Trace1A.trc,1,LRU,4,16,256,26,4,864,1888,52682,31615,21067,256,20811,39.989
Trace/Trace1A.trc,1,LRU,8,1,128,22,7,368,1392,44048,30655,13393,128,13265,30.4055
Trace/Trace1A.trc,1,LRU,8,2,128,23,6,384,1408,44048,30774,13274,128,13146,30.1353
Trace/Trace1A.trc,1,LRU,8,4,128,24,5,400,1424,44048,30736,13312,128,13184,30.2216
Trace/Trace1A.trc,1,LRU,8,8,128,25,4,416,1440,44048,30734,13314,128,13186,30.2261
Trace/Trace1A.trc,1,LRU,8,16,128,26,3,432,1456,44048,30776,13272,128,13144,30.1308
Trace/Trace1A.trc,1,LRU,16,1,64,22,6,184,1208,40035,29988,10047,64,9983,25.0955
Trace/Trace1A.trc,1,LRU,16,2,64,23,5,192,1216,40035,30569,9466,64,9402,23.6443
Trace/Trace1A.trc,1,LRU,16,4,64,24,4,200,1224,40035,30638,9397,64,9333,23.472
Trace/Trace1A.trc,1,LRU,16,8,64,25,3,208,1232,40035,30716,9319,64,9255,23.2771
Trace/Trace1A.trc,1,LRU,16,16,64,26,2,216,1240,40035,30723,9312,64,9248,23.2596
Trace/Trace1A.trc,1,LRU,32,1,32,22,5,92,1116,38496,30455,8041,32,8009,20.8879
Trace/Trace1A.trc,1,LRU,32,2,32,23,4,96,1120,38496,31512,6984,32,6952,18.1421
Trace/Trace1A.trc,1,LRU,32,4,32,24,3,100,1124,38496,31702,6794,32,6762,17.6486
Trace/Trace1A.trc,1,LRU,32,8,32,25,2,104,1128,38496,31715,6781,32,6749,17.6148
Trace/Trace1A.trc,1,LRU,32,16,32,26,1,108,1132,38496,31705,6791,32,6759,17.6408
Trace/Trace1A.trc,1,LRU,64,1,16,22,4,46,1070,37893,30277,7616,16,7600,20.0987
Trace/Trace1A.trc,1,LRU,64,2,16,23,3,48,1072,37893,32184,5709,16,5693,15.0661
Trace/Trace1A.trc,1,LRU,64,4,16,24,2,50,1074,37893,32375,5518,16,5502,14.5621
Trace/Trace1A.trc,1,LRU,64,8,16,25,1,52,1076,37893,32582,5311,16,5295,14.0158
Trace/Trace1A.trc,1,RND,4,1,256,22,8,736,1760,52682,32457,20225,256,19969,38.3907
Trace/Trace1A.trc,1,RND,4,2,256,23,7,768,1792,52682,33399,19283,256,19027,36.6026
Trace/Trace1A.trc,1,RND,4,4,256,24,6,800,1824,52682,33618,19064,256,18808,36.1869
Trace/Trace1A.trc,1,RND,4,8,256,25,5,832,1856,52682,33648,19034,256,18778,36.13
Trace/Trace1A.trc,1,RND,4,16,256,26,4,864,1888,52682,33759,18923,256,18667,35.9193
Trace/Trace1A.trc,1,RND,8,1,128,22,7,368,1392,44048,30655,13393,128,13265,30.4055
Trace/Trace1A.trc,1,RND,8,2,128,23,6,384,1408,44048,30875,13173,128,13045,29.906
Trace/Trace1A.trc,1,RND,8,4,128,24,5,400,1424,44048,30948,13100,128,12972,29.7403
Trace/Trace1A.trc,1,RND,8,8,128,25,4,416,1440,44048,31060,12988,128,12860,29.486
Trace/Trace1A.trc,1,RND,8,16,128,26,3,432,1456,44048,31134,12914,128,12786,29.318
Trace/Trace1A.trc,1,RND,16,1,64,22,6,184,1208,40035,29988,10047,64,9983,25.0955
Trace/Trace1A.trc,1,RND,16,2,64,23,5,192,1216,40035,30211,9824,64,9760,24.5385
Trace/Trace1A.trc,1,RND,16,4,64,24,4,200,1224,40035,30266,9769,64,9705,24.4011
Trace/Trace1A.trc,1,RND,16,8,64,25,3,208,1232,40035,30348,9687,64,9623,24.1963
Trace/Trace1A.trc,1,RND,16,16,64,26,2,216,1240,40035,30362,9673,64,9609,24.1614
Trace/Trace1A.trc,1,RND,32,1,32,22,5,92,1116,38496,30455,8041,32,8009,20.8879
Trace/Trace1A.trc,1,RND,32,2,32,23,4,96,1120,38496,30958,7538,32,7506,19.5813
Trace/Trace1A.trc,1,RND,32,4,32,24,3,100,1124,38496,31038,7458,32,7426,19.3734
Trace/Trace1A.trc,1,RND,32,8,32,25,2,104,1128,38496,31165,7331,32,7299,19.0435
Trace/Trace1A.trc,1,RND,32,16,32,26,1,108,1132,38496,31135,7361,32,7329,19.1215
Trace/Trace1A.trc,1,RND,64,1,16,22,4,46,1070,37893,30277,7616,16,7600,20.0987
Trace/Trace1A.trc,1,RND,64,2,16,23,3,48,1072,37893,31426,6467,16,6451,17.0665
Trace/Trace1A.trc,1,RND,64,4,16,24,2,50,1074,37893,31425,6468,16,6452,17.0691
Trace/Trace1A.trc,1,RND,64,8,16,25,1,52,1076,37893,31639,6254,16,6238,16.5044
Trace/Trace2A.trc,1,RR,4,1,256,22,8,736,1760,370343,303600,66743,256,66487,18.0219
Trace/Trace2A.trc,1,RR,4,2,256,23,7,768,1792,370343,309473,60870,256,60614,16.4361
Trace/Trace2A.trc,1,RR,4,4,256,24,6,800,1824,370343,309527,60816,256,60560,16.4215
Trace/Trace2A.trc,1,RR,4,8,256,25,5,832,1856,370343,309352,60991,256,60735,16.4688
Trace/Trace2A.trc,1,RR,4,16,256,26,4,864,1888,370343,309288,61055,256,60799,16.4861
Trace/Trace2A.trc,1,RR,8,1,128,22,7,368,1392,310692,265520,45172,128,45044,14.5392
Trace/Trace2A.trc,1,RR,8,2,128,23,6,384,1408,310692,270576,40116,128,39988,12.9118
Trace/Trace2A.trc,1,RR,8,4,128,24,5,400,1424,310692,271731,38961,128,38833,12.5401
Trace/Trace2A.trc,1,RR,8,8,128,25,4,416,1440,310692,271950,38742,128,38614,12.4696
Trace/Trace2A.trc,1,RR,8,16,128,26,3,432,1456,310692,272044,38648,128,38520,12.4393
Trace/Trace2A.trc,1,RR,16,1,64,22,6,184,1208,282168,247161,35007,64,34943,12.4064
Trace/Trace2A.trc,1,RR,16,2,64,23,5,192,1216,282168,252704,29464,64,29400,10.442
Trace/Trace2A.trc,1,RR,16,4,64,24,4,200,1224,282168,254187,27981,64,27917,9.9164
Trace/Trace2A.trc,1,RR,16,8,64,25,3,208,1232,282168,254526,27642,64,27578,9.7963
Trace/Trace2A.trc,1,RR,16,16,64,26,2,216,1240,282168,254633,27535,64,27471,9.7584
Trace/Trace2A.trc,1,RR,32,1,32,22,5,92,1116,268880,240333,28547,32,28515,10.617
Trace/Trace2A.trc,1,RR,32,2,32,23,4,96,1120,268880,246205,22675,32,22643,8.4331
Trace/Trace2A.trc,1,RR,32,4,32,24,3,100,1124,268880,248026,20854,32,20822,7.7559
Trace/Trace2A.trc,1,RR,32,8,32,25,2,104,1128,268880,248244,20636,32,20604,7.6748
Trace/Trace2A.trc,1,RR,32,16,32,26,1,108,1132,268880,248442,20438,32,20406,7.6012
Trace/Trace2A.trc,1,RR,64,1,16,22,4,46,1070,264660,235812,28848,16,28832,10.9
Trace/Trace2A.trc,1,RR,64,2,16,23,3,48,1072,264660,243702,20958,16,20942,7.9188
Trace/Trace2A.trc,1,RR,64,4,16,24,2,50,1074,264660,245146,19514,16,19498,7.3732
Trace/Trace2A.trc,1,RR,64,8,16,25,1,52,1076,264660,245310,19350,16,19334,7.3113
Trace/Trace2A.trc,1,LRU,4,1,256,22,8,736,1760,370343,303600,66743,256,66487,18.0219
Trace/Trace2A.trc,1,LRU,4,2,256,23,7,768,1792,370343,311186,59157,256,58901,15.9736
Trace/Trace2A.trc,1,LRU,4,4,256,24,6,800,1824,370343,311737,58606,256,58350,15.8248
Trace/Trace2A.trc,1,LRU,4,8,256,25,5,832,1856,370343,311810,58533,256,58277,15.8051
Trace/Trace2A.trc,1,LRU,4,16,256,26,4,864,1888,370343,311952,58391,256,58135,15.7667
Trace/Trace2A.trc,1,LRU,8,1,128,22,7,368,1392,310692,265520,45172,128,45044,14.5392
Trace/Trace2A.trc,1,LRU,8,2,128,23,6,384,1408,310692,271952,38740,128,38612,12.4689
Trace/Trace2A.trc,1,LRU,8,4,128,24,5,400,1424,310692,273573,37119,128,36991,11.9472
Trace/Trace2A.trc,1,LRU,8,8,128,25,4,416,1440,310692,273939,36753,128,36625,11.8294
Trace/Trace2A.trc,1,LRU,8,16,128,26,3,432,1456,310692,274055,36637,128,36509,11.7921
Trace/Trace2A.trc,1,LRU,16,1,64,22,6,184,1208,282168,247161,35007,64,34943,12.4064
Trace/Trace2A.trc,1,LRU,16,2,64,23,5,192,1216,282168,254203,27965,64,27901,9.9108
Trace/Trace2A.trc,1,LRU,16,4,64,24,4,200,1224,282168,255844,26324,64,26260,9.3292
Trace/Trace2A.trc,1,LRU,16,8,64,25,3,208,1232,282168,256373,25795,64,25731,9.1417
Trace/Trace2A.trc,1,LRU,16,16,64,26,2,216,1240,282168,256496,25672,64,25608,9.0981
Trace/Trace2A.trc,1,LRU,32,1,32,22,5,92,1116,268880,240333,28547,32,28515,10.617
Trace/Trace2A.trc,1,LRU,32,2,32,23,4,96,1120,268880,247819,21061,32,21029,7.8329
Trace/Trace2A.trc,1,LRU,32,4,32,24,3,100,1124,268880,249889,18991,32,18959,7.063
Trace/Trace2A.trc,1,LRU,32,8,32,25,2,104,1128,268880,250325,18555,32,18523,6.9008
Trace/Trace2A.trc,1,LRU,32,16,32,26,1,108,1132,268880,250558,18322,32,18290,6.8142
Trace/Trace2A.trc,1,LRU,64,1,16,22,4,46,1070,264660,235812,28848,16,28832,10.9
Trace/Trace2A.trc,1,LRU,64,2,16,23,3,48,1072,264660,246015,18645,16,18629,7.0449
Trace/Trace2A.trc,1,LRU,64,4,16,24,2,50,1074,264660,248646,16014,16,15998,6.0508
Trace/Trace2A.trc,1,LRU,64,8,16,25,1,52,1076,264660,249051,15609,16,15593,5.8978
Trace/Trace2A.trc,1,RND,4,1,256,22,8,736,1760,370343,303600,66743,256,66487,18.0219
Trace/Trace2A.trc,1,RND,4,2,256,23,7,768,1792,370343,309913,60430,256,60174,16.3173
Trace/Trace2A.trc,1,RND,4,4,256,24,6,800,1824,370343,310891,59452,256,59196,16.0532
Trace/Trace2A.trc,1,RND,4,8,256,25,5,832,1856,370343,311093,59250,256,58994,15.9987
Trace/Trace2A.trc,1,RND,4,16,256,26,4,864,1888,370343,311003,59340,256,59084,16.023
Trace/Trace2A.trc,1,RND,8,1,128,22,7,368,1392,310692,265520,45172,128,45044,14.5392
Trace/Trace2A.trc,1,RND,8,2,128,23,6,384,1408,310692,270278,40414,128,40286,13.0077
Trace/Trace2A.trc,1,RND,8,4,128,24,5,400,1424,310692,271511,39181,128,39053,12.6109
Trace/Trace2A.trc,1,RND,8,8,128,25,4,416,1440,310692,271796,38896,128,38768,12.5192
Trace/Trace2A.trc,1,RND,8,16,128,26,3,432,1456,310692,271834,38858,128,38730,12.5069
Trace/Trace2A.trc,1,RND,16,1,64,22,6,184,1208,282168,247161,35007,64,34943,12.4064
Trace/Trace2A.trc,1,RND,16,2,64,23,5,192,1216,282168,251924,30244,64,30180,10.7184
Trace/Trace2A.trc,1,RND,16,4,64,24,4,200,1224,282168,253338,28830,64,28766,10.2173
Trace/Trace2A.trc,1,RND,16,8,64,25,3,208,1232,282168,253381,28787,64,28723,10.2021
Trace/Trace2A.trc,1,RND,16,16,64,26,2,216,1240,282168,253554,28614,64,28550,10.1408
Trace/Trace2A.trc,1,RND,32,1,32,22,5,92,1116,268880,240333,28547,32,28515,10.617
Trace/Trace2A.trc,1,RND,32,2,32,23,4,96,1120,268880,245550,23330,32,23298,8.6767
Trace/Trace2A.trc,1,RND,32,4,32,24,3,100,1124,268880,246920,21960,32,21928,8.1672
Trace/Trace2A.trc,1,RND,32,8,32,25,2,104,1128,268880,246863,22017,32,21985,8.1884
Trace/Trace2A.trc,1,RND,32,16,32,26,1,108,1132,268880,247165,21715,32,21683,8.0761
Trace/Trace2A.trc,1,RND,64,1,16,22,4,46,1070,264660,235812,28848,16,28832,10.9
Trace/Trace2A.trc,1,RND,64,2,16,23,3,48,1072,264660,242671,21989,16,21973,8.3084
Trace/Trace2A.trc,1,RND,64,4,16,24,2,50,1074,264660,244237,20423,16,20407,7.7167
Trace/Trace2A.trc,1,RND,64,8,16,25,1,52,1076,264660,244120,20540,16,20524,7.7609
